City_ID,City,Country,Date,Lat,Lng,Max Temp,Humidity,Cloudiness,Wind Speed
0,Constitucion,CL,2022-05-22 03:00:07,-35.3333,-72.4167,53.26,68,100,4.05
1,Albany,US,2022-05-22 02:56:22,42.6001,-73.9662,76.78,84,48,2.95
2,Barrow,US,2022-05-22 03:00:08,71.2906,-156.7887,30.6,82,100,10.58
3,Atuona,PF,2022-05-22 03:00:09,-9.8,-139.0333,77.81,77,21,8.46
4,Kapaa,US,2022-05-22 02:55:24,22.0752,-159.319,80.58,83,26,3.0
5,Castro,BR,2022-05-22 03:00:10,-24.7911,-50.0119,44.71,80,2,1.95
6,Chachapoyas,PE,2022-05-22 03:00:11,-6.2317,-77.869,53.71,97,65,1.99
7,Pangnirtung,CA,2022-05-22 03:00:12,66.1451,-65.7125,30.02,82,100,9.01
8,Bluff,NZ,2022-05-22 03:00:13,-46.6,168.3333,48.92,62,71,24.18
9,Fukue,JP,2022-05-22 03:00:14,32.6881,128.8419,69.58,71,100,12.35
10,Qaqortoq,GL,2022-05-22 03:00:15,60.7167,-46.0333,38.08,83,100,6.42
11,Hermanus,ZA,2022-05-22 03:00:16,-34.4187,19.2345,56.21,79,24,6.98
12,Vaini,TO,2022-05-22 03:00:17,-21.2,-175.2,75.94,80,38,11.88
13,Kodiak,US,2022-05-22 03:00:19,57.79,-152.4072,44.35,97,100,24.61
14,Mataura,NZ,2022-05-22 02:55:31,-46.1927,168.8643,43.47,88,100,9.98
15,Uruguaiana,BR,2022-05-22 03:00:20,-29.7547,-57.0883,51.21,85,38,3.85
16,Bredasdorp,ZA,2022-05-22 03:00:20,-34.5322,20.0403,51.51,85,50,5.93
17,Yaqui,MX,2022-05-22 03:00:21,27.3667,-110.1667,76.98,45,26,5.32
18,Ponta Do Sol,PT,2022-05-22 03:00:21,32.6667,-17.1,66.83,80,92,3.29
19,Mundo Nuevo,MX,2022-05-22 03:00:22,18.7,-95.5,83.93,60,22,9.4
20,Bonavista,CA,2022-05-22 03:00:23,48.6499,-53.1147,46.76,68,82,12.91
21,Liepaja,LV,2022-05-22 03:00:23,56.5419,21.0367,49.98,93,100,5.75
22,Los Llanos De Aridane,ES,2022-05-22 02:59:16,28.6585,-17.9182,65.95,82,100,14.97
23,Klaksvik,FO,2022-05-22 03:00:24,62.2266,-6.589,47.32,91,100,14.03
24,Hilo,US,2022-05-22 03:00:24,19.7297,-155.09,86.29,87,55,3.0
25,Mon,IN,2022-05-22 03:00:25,26.75,95.1,77.7,70,38,3.04
26,Saskylakh,RU,2022-05-22 03:00:25,71.9167,114.0833,34.84,100,100,4.99
27,Ushuaia,AR,2022-05-22 03:00:26,-54.8,-68.3,34.2,90,11,5.55
28,East London,ZA,2022-05-22 03:00:26,-33.0153,27.9116,59.65,77,59,2.77
29,Hasaki,JP,2022-05-22 03:00:27,35.7333,140.8333,70.2,82,98,21.16
30,Mandera,KE,2022-05-22 03:00:27,3.9366,41.867,76.55,71,97,7.02
31,Naze,JP,2022-05-22 03:00:28,28.3667,129.4833,70.86,73,93,10.56
32,Westport,US,2022-05-22 02:59:17,41.1415,-73.3579,75.94,87,3,1.01
33,Tiksi,RU,2022-05-22 03:00:29,71.6872,128.8694,31.03,92,100,5.41
34,Hobart,AU,2022-05-22 02:56:37,-42.8794,147.3294,55.26,75,75,12.66
35,Pisco,PE,2022-05-22 03:00:30,-13.7,-76.2167,62.02,89,93,4.5
36,Ostrovnoy,RU,2022-05-22 03:00:30,68.0531,39.5131,30.88,70,59,9.26
37,Tuktoyaktuk,CA,2022-05-22 03:00:31,69.4541,-133.0374,30.2,71,14,10.2
38,Norman Wells,CA,2022-05-22 03:00:32,65.282,-126.8329,41.14,82,100,7.83
39,Rikitea,PF,2022-05-22 03:00:32,-23.1203,-134.9692,75.76,75,3,13.06
40,Torbay,CA,2022-05-22 03:00:33,47.6666,-52.7314,50.54,76,38,8.63
41,Lebu,CL,2022-05-22 03:00:33,-37.6167,-73.65,51.69,91,95,12.77
42,Caravelas,BR,2022-05-22 02:59:22,-17.7125,-39.2481,70.45,73,0,6.93
43,Saint-Philippe,RE,2022-05-22 03:00:34,-21.3585,55.7679,67.59,78,26,6.87
44,Narsaq,GL,2022-05-22 03:00:34,60.9167,-46.05,37.62,80,100,2.1
45,Chuy,UY,2022-05-22 03:00:34,-33.6971,-53.4616,50.88,90,100,5.91
46,Nikolskoye,RU,2022-05-22 03:01:35,59.7035,30.7861,42.69,70,0,5.53
47,Cochrane,CA,2022-05-22 03:01:35,51.1834,-114.4687,47.89,38,92,5.61
48,Clyde River,CA,2022-05-22 03:01:36,70.4692,-68.5914,19.63,93,100,9.22
49,Busselton,AU,2022-05-22 03:01:36,-33.65,115.3333,67.5,71,22,19.64
50,Coquimbo,CL,2022-05-22 03:01:37,-29.9533,-71.3436,58.28,82,88,1.48
51,Mar Del Plata,AR,2022-05-22 03:00:30,-38.0023,-57.5575,48.94,91,31,1.99
52,Cape Town,ZA,2022-05-22 03:01:37,-33.9258,18.4232,55.11,89,11,1.01
53,Karratha,AU,2022-05-22 03:01:38,-20.7377,116.8463,80.42,66,100,6.58
54,Flin Flon,CA,2022-05-22 03:01:38,54.7682,-101.865,45.37,41,59,2.66
55,Zeya,RU,2022-05-22 03:01:38,53.75,127.2667,61.63,37,100,5.39
56,Nova Vicosa,BR,2022-05-22 03:01:39,-17.8919,-39.3719,71.19,72,0,8.68
57,Cabo San Lucas,MX,2022-05-22 03:00:01,22.8909,-109.9124,74.61,68,1,5.99
58,Burnie,AU,2022-05-22 03:01:39,-41.0667,145.9167,57.94,60,17,3.24
59,Tsaratanana,MG,2022-05-22 03:01:40,-16.7833,47.65,67.35,80,31,9.51
60,Ilulissat,GL,2022-05-22 03:01:40,69.2167,-51.1,35.62,75,100,8.05
61,Komsomolskiy,UZ,2022-05-22 03:01:41,40.4272,71.7189,63.32,63,75,6.91
62,Tasiilaq,GL,2022-05-22 03:01:41,65.6145,-37.6368,32.16,71,70,2.51
63,Georgetown,MY,2022-05-22 03:00:18,5.4112,100.3354,87.73,74,20,3.44
64,Punta Arenas,CL,2022-05-22 03:01:42,-53.15,-70.9167,37.11,74,100,9.82
65,Rodrigues Alves,BR,2022-05-22 03:01:42,-7.738,-72.6509,74.03,80,80,2.42
66,Kirakira,SB,2022-05-22 03:01:43,-10.4544,161.9205,84.18,69,20,4.94
67,Batagay,RU,2022-05-22 03:01:43,67.6333,134.6333,52.93,46,97,2.42
68,Aklavik,CA,2022-05-22 03:01:43,68.2191,-135.0107,35.38,85,99,5.61
69,Ulladulla,AU,2022-05-22 03:01:44,-35.35,150.4667,61.77,77,100,9.71
70,Bethel,US,2022-05-22 02:59:21,41.3712,-73.414,75.02,82,2,3.76
71,Zhizdra,RU,2022-05-22 03:01:45,53.746,34.7395,45.57,95,100,13.27
72,Baiquan,CN,2022-05-22 03:01:45,47.5833,126.0833,73.29,27,64,1.48
73,Fallbrook,US,2022-05-22 03:01:46,33.3764,-117.2512,62.53,75,100,5.75
74,Santa Vitoria Do Palmar,BR,2022-05-22 03:01:46,-33.5189,-53.3681,51.87,88,100,5.61
75,Khatanga,RU,2022-05-22 03:01:46,71.9667,102.5,35.73,87,100,6.38
76,Foshan,CN,2022-05-22 03:01:47,23.0268,113.1315,77.95,64,100,9.98
77,Yulara,AU,2022-05-22 03:01:47,-25.2406,130.9889,68.16,31,51,8.72
78,Presque Isle,US,2022-05-22 03:01:48,46.6811,-68.0159,63.03,94,100,3.44
79,Wabash,US,2022-05-22 03:01:48,40.7978,-85.8205,65.71,84,96,8.01
80,Sao Joao Da Barra,BR,2022-05-22 03:01:48,-21.6403,-41.0511,65.07,83,15,4.76
81,New Norfolk,AU,2022-05-22 03:01:49,-42.7826,147.0587,55.92,56,98,2.06
82,Yellowknife,CA,2022-05-22 03:00:18,62.456,-114.3525,44.56,100,100,8.01
83,Upernavik,GL,2022-05-22 03:01:49,72.7868,-56.1549,28.44,86,100,2.75
84,Nanortalik,GL,2022-05-22 03:01:50,60.1432,-45.2371,38.77,86,100,5.61
85,Auki,SB,2022-05-22 03:01:50,-8.7676,160.7034,85.77,64,18,3.09
86,Cabra,ES,2022-05-22 03:01:51,37.4725,-4.4421,64.65,81,98,4.0
87,Jamestown,US,2022-05-22 02:56:52,42.097,-79.2353,65.01,95,100,6.91
88,Avarua,CK,2022-05-22 03:01:51,-21.2078,-159.775,77.49,78,96,12.59
89,Scarborough,GB,2022-05-22 03:01:46,54.2797,-0.4044,51.91,83,93,4.0
90,Thompson,CA,2022-05-22 03:00:20,55.7435,-97.8558,40.06,58,35,1.43
91,Sola,VU,2022-05-22 03:01:52,-13.8833,167.55,81.3,74,23,3.0
92,La Ronge,CA,2022-05-22 03:01:53,55.1001,-105.2842,45.88,41,96,5.68
93,Beringovskiy,RU,2022-05-22 03:02:53,63.05,179.3167,38.28,83,100,9.95
94,Soyo,AO,2022-05-22 03:02:54,-6.1349,12.3689,73.74,86,45,5.08
95,Umea,SE,2022-05-22 03:02:54,63.8284,20.2597,48.9,87,100,2.3
96,Lagoa,PT,2022-05-22 03:02:54,39.05,-27.9833,62.06,95,100,2.46
97,Portland,US,2022-05-22 03:02:55,45.5234,-122.6762,66.9,49,20,8.05
98,Temirtau,KZ,2022-05-22 03:02:55,50.0544,72.9483,49.24,68,91,16.33
99,Uribia,CO,2022-05-22 03:02:56,11.7139,-72.266,81.05,66,0,23.31
100,Juba,SS,2022-05-22 03:02:56,4.8517,31.5825,69.1,89,70,3.0
101,Gdynia,PL,2022-05-22 02:59:19,54.5189,18.5319,48.11,81,0,14.97
102,Katangli,RU,2022-05-22 03:02:57,51.7102,143.2326,40.23,93,99,8.48
103,Cajibio,CO,2022-05-22 03:02:57,2.6227,-76.5704,56.55,95,35,3.96
104,Kisangani,CD,2022-05-22 03:02:57,0.5167,25.2,68.95,94,100,0.81
105,Senneterre,CA,2022-05-22 03:02:58,48.3835,-77.2328,45.9,86,92,4.92
106,Jining,CN,2022-05-22 03:02:58,35.405,116.5814,90.73,21,100,11.41
107,Arlit,NE,2022-05-22 03:02:59,18.7369,7.3853,84.25,18,29,5.17
108,Saint-Augustin,CA,2022-05-22 03:02:59,51.226,-58.6502,46.0,88,100,16.75
109,Maku,IR,2022-05-22 03:03:00,39.2911,44.4521,53.38,46,0,3.15
110,Faya,SA,2022-05-22 03:03:00,18.3851,42.4509,67.39,13,43,6.26
111,Carnarvon,AU,2022-05-22 03:03:00,-24.8667,113.6333,75.92,57,22,22.08
112,Saint-Louis,SN,2022-05-22 03:03:01,16.3333,-15.0,71.2,66,89,12.82
113,Pevek,RU,2022-05-22 03:03:01,69.7008,170.3133,36.19,94,83,5.46
114,Esteli,NI,2022-05-22 03:03:02,13.0919,-86.3538,69.01,92,100,2.82
115,Sao Filipe,CV,2022-05-22 03:03:02,14.8961,-24.4956,71.37,81,48,5.28
116,Flinders,AU,2022-05-22 03:03:03,-34.5833,150.8552,61.88,80,78,7.81
117,Port Elizabeth,ZA,2022-05-22 03:03:03,-33.918,25.5701,50.09,84,0,4.41
118,Qaanaaq,GL,2022-05-22 03:03:03,77.484,-69.3632,12.74,89,99,5.1
119,Ust-Nera,RU,2022-05-22 03:03:04,64.5667,143.2,44.1,60,97,3.58
120,Clinton,US,2022-05-22 03:03:05,42.587,-82.9199,68.32,81,100,5.75
121,Takaka,NZ,2022-05-22 03:03:05,-40.85,172.8,59.56,62,41,11.61
122,Jawhar,SO,2022-05-22 03:03:05,2.7809,45.5005,74.01,93,98,8.08
123,Omagh,GB,2022-05-22 02:59:59,54.6,-7.3,53.01,93,100,9.08
124,Naryan-Mar,RU,2022-05-22 03:03:06,67.6713,53.087,27.21,76,97,17.54
125,Gladstone,AU,2022-05-22 03:03:07,-23.85,151.25,76.93,57,40,11.5
126,Marawi,PH,2022-05-22 03:03:07,7.9986,124.2928,80.96,69,81,1.99
127,Columbia,US,2022-05-22 03:01:38,34.0007,-81.0348,73.35,93,100,3.0
128,Yuci,CN,2022-05-22 03:03:08,37.6803,112.7319,76.75,27,0,2.24
129,Cidreira,BR,2022-05-22 03:03:09,-30.1811,-50.2056,56.68,79,94,5.3
130,Batemans Bay,AU,2022-05-22 03:03:09,-35.7167,150.1833,60.1,68,100,7.99
131,Kingston,JM,2022-05-22 03:03:09,17.997,-76.7936,81.55,81,20,12.66
132,Bintulu,MY,2022-05-22 03:03:10,3.1667,113.0333,86.27,64,100,1.66
133,Victoria,HK,2022-05-22 03:01:14,22.2855,114.1577,81.18,85,96,13.0
134,Talnakh,RU,2022-05-22 03:03:11,69.4865,88.3972,45.21,85,99,3.06
135,Churapcha,RU,2022-05-22 03:03:11,62.0025,132.4325,54.46,43,18,7.78
136,Omsukchan,RU,2022-05-22 03:04:12,62.5333,155.8,37.4,77,95,9.13
137,Marrakesh,MA,2022-05-22 03:02:13,31.6315,-8.0083,66.27,72,0,6.91
138,Bathsheba,BB,2022-05-22 03:04:12,13.2167,-59.5167,81.21,78,40,20.71
139,Anadyr,RU,2022-05-22 03:04:13,64.75,177.4833,38.25,82,94,4.43
140,Hithadhoo,MV,2022-05-22 03:04:13,-0.6,73.0833,83.1,69,100,9.98
141,Butaritari,KI,2022-05-22 03:04:14,3.0707,172.7902,81.23,79,86,11.07
142,Sigli,ID,2022-05-22 03:04:14,5.3848,95.9609,86.95,61,53,0.63
143,Trairi,BR,2022-05-22 03:03:04,-3.2778,-39.2689,73.72,93,5,5.5
144,Byron Bay,AU,2022-05-22 03:04:10,-28.65,153.6167,62.71,81,96,13.65
145,Bengkulu,ID,2022-05-22 03:04:15,-3.8004,102.2655,83.64,66,33,2.8
146,Olafsvik,IS,2022-05-22 03:04:16,64.8945,-23.7142,40.8,84,59,20.18
147,Souillac,MU,2022-05-22 03:04:16,-20.5167,57.5167,72.3,80,11,10.54
148,Longyearbyen,SJ,2022-05-22 03:03:47,78.2186,15.6401,35.44,75,75,6.91
149,Bambous Virieux,MU,2022-05-22 03:04:17,-20.3428,57.7575,70.21,76,19,12.15
150,Henties Bay,NA,2022-05-22 03:04:17,-22.116,14.2845,56.86,68,0,4.63
151,Cauquenes,CL,2022-05-22 03:04:18,-35.9671,-72.3225,51.48,66,100,1.21
152,Ancud,CL,2022-05-22 03:03:26,-41.8697,-73.8203,53.19,95,100,25.68
153,Korla,CN,2022-05-22 03:04:18,41.7597,86.1469,79.9,12,100,12.8
154,Mahebourg,MU,2022-05-22 03:04:19,-20.4081,57.7,70.25,76,13,12.12
155,Yelizovo,RU,2022-05-22 03:04:19,53.1873,158.3805,46.54,81,75,7.0
156,Nybro,SE,2022-05-22 03:04:20,56.7446,15.9071,43.88,95,80,4.74
157,Camana,PE,2022-05-22 03:04:20,-16.6228,-72.7111,64.76,88,100,7.61
158,Sayyan,YE,2022-05-22 03:03:31,15.1718,44.3244,61.25,17,11,4.27
159,Bandarbeyla,SO,2022-05-22 03:04:21,9.4942,50.8122,80.38,82,100,19.64
160,Tuatapere,NZ,2022-05-22 03:04:21,-46.1333,167.6833,46.49,72,83,16.24
161,Ulaangom,MN,2022-05-22 03:04:22,49.9811,92.0667,68.63,25,64,5.06
162,Santa Isabel Do Rio Negro,BR,2022-05-22 03:04:22,-0.4139,-65.0192,71.17,100,100,1.59
163,Fenoarivo,MG,2022-05-22 03:04:22,-18.933,47.4354,51.87,100,20,1.14
164,Ahipara,NZ,2022-05-22 03:04:23,-35.1667,173.1667,62.94,67,100,12.21
165,Narragansett,US,2022-05-22 03:04:23,41.4501,-71.4495,70.84,79,0,5.75
166,Puerto Ayora,EC,2022-05-22 03:04:24,-0.7393,-90.3518,71.44,88,74,6.6
167,Ivanovskaya,RU,2022-05-22 03:04:24,55.2833,39.1167,39.25,72,68,7.76
168,Saldanha,ZA,2022-05-22 03:04:25,-33.0117,17.9442,56.19,81,32,3.78
169,Kigali,RW,2022-05-22 03:00:18,-1.95,30.0588,62.08,93,20,3.44
170,Adrar,MR,2022-05-22 03:02:21,20.5022,-10.0711,87.75,10,0,6.11
171,Simplicio Mendes,BR,2022-05-22 03:04:25,-7.8539,-41.9103,70.57,78,11,6.98
172,Salima,MW,2022-05-22 03:04:26,-13.7804,34.4587,65.64,90,8,3.18
173,Praia Da Vitoria,PT,2022-05-22 03:04:26,38.7333,-27.0667,63.75,99,90,5.97
174,Sarangani,PH,2022-05-22 03:03:34,5.4033,125.4636,83.71,71,78,6.17
175,Chabahar,IR,2022-05-22 03:04:27,25.2919,60.643,84.69,72,0,6.38
176,Nhulunbuy,AU,2022-05-22 03:04:27,-12.2333,136.7667,88.41,58,40,16.11
177,Esmeraldas,BR,2022-05-22 03:01:45,-19.7625,-44.3139,52.2,73,0,4.36
178,Port Alfred,ZA,2022-05-22 03:04:28,-33.5906,26.891,57.22,80,4,5.84
179,Carlibaba,RO,2022-05-22 03:04:28,47.5833,25.1333,45.37,95,51,1.99
180,Sioux Lookout,CA,2022-05-22 03:00:18,50.1001,-91.917,32.34,92,98,3.76
181,Masvingo,ZW,2022-05-22 03:04:29,-20.0637,30.8277,58.57,93,89,2.55
182,Itoman,JP,2022-05-22 03:00:41,26.1247,127.6694,80.4,78,40,13.8
183,Belle Fourche,US,2022-05-22 03:04:30,44.6714,-103.8522,40.32,78,73,6.22
184,Bouca,CF,2022-05-22 03:05:30,6.5105,18.2733,71.01,88,100,1.07
185,Itarema,BR,2022-05-22 03:05:31,-2.9248,-39.9167,74.97,90,1,7.4
186,Chokurdakh,RU,2022-05-22 03:05:31,70.6333,147.9167,34.48,100,100,1.41
187,Loukhi,RU,2022-05-22 03:05:31,66.0764,33.0381,31.91,89,100,7.47
188,Saint George,US,2022-05-22 03:05:32,37.1041,-113.5841,75.79,9,0,11.5
189,Port Macquarie,AU,2022-05-22 03:05:32,-31.4333,152.9167,60.89,100,75,6.91
190,Yining,CN,2022-05-22 03:05:33,29.0361,114.5636,72.5,79,100,0.34
191,Oliver,CA,2022-05-22 03:05:33,49.1831,-119.5524,59.52,66,54,2.53
192,Chicama,PE,2022-05-22 03:05:33,-7.8447,-79.1469,59.54,85,23,6.8
193,Salalah,OM,2022-05-22 03:04:54,17.0151,54.0924,79.9,82,32,2.73
194,Kramat,ID,2022-05-22 03:05:34,-8.1311,113.4499,85.53,61,46,0.56
195,Rudsar,IR,2022-05-22 03:05:35,37.1376,50.288,61.99,67,10,7.09
196,Dikson,RU,2022-05-22 03:05:35,73.5069,80.5464,27.77,90,52,10.6
197,Muroto,JP,2022-05-22 03:05:35,33.2833,134.15,67.51,68,68,6.22
198,Elat,IL,2022-05-22 03:05:36,29.5581,34.9482,76.84,50,0,9.22
199,Isangel,VU,2022-05-22 03:05:36,-19.55,169.2667,79.25,83,59,13.62
200,Dembi Dolo,ET,2022-05-22 03:05:37,8.5333,34.8,56.8,96,96,2.55
201,Ban Nahin,LA,2022-05-22 03:05:37,18.2418,104.2122,78.24,93,100,3.91
202,Taoudenni,ML,2022-05-22 03:05:37,22.6783,-3.9836,87.31,11,0,13.76
203,Kozhva,RU,2022-05-22 03:05:38,65.1073,57.0459,32.23,81,100,12.03
204,Kaitangata,NZ,2022-05-22 03:05:38,-46.2817,169.8464,47.01,78,94,15.28
205,Pa Sang,TH,2022-05-22 03:05:39,18.5262,98.9394,84.06,64,82,1.54
206,Hamilton,US,2022-05-22 03:05:39,39.1834,-84.5333,66.6,96,40,4.61
207,Vallenar,CL,2022-05-22 03:05:40,-28.5708,-70.7581,59.45,58,8,1.81
208,Kavaratti,IN,2022-05-22 03:05:40,10.5669,72.642,83.01,79,99,18.34
209,Frontera,MX,2022-05-22 03:05:41,26.9333,-101.45,95.32,27,0,4.0
210,Lulea,SE,2022-05-22 03:05:41,65.5842,22.1547,48.27,66,100,3.44
211,Avera,US,2022-05-22 03:05:42,33.194,-82.5271,75.25,91,100,10.38
212,Vavuniya,LK,2022-05-22 03:05:42,8.7514,80.4971,84.16,67,100,10.74
213,Palauig,PH,2022-05-22 03:05:42,15.435,119.9045,84.92,70,100,10.96
214,Panchgani,IN,2022-05-22 03:05:43,17.9167,73.8167,71.98,63,40,10.76
215,Cherskiy,RU,2022-05-22 03:05:43,68.75,161.3,59.02,36,16,14.18
216,Yumen,CN,2022-05-22 03:05:44,40.2833,97.2,77.2,15,0,21.41
217,Kawalu,ID,2022-05-22 03:05:44,-7.3817,108.2082,76.37,88,96,0.72
218,Grindavik,IS,2022-05-22 03:05:44,63.8424,-22.4338,43.27,87,0,18.41
219,Alexandria,EG,2022-05-22 03:05:45,31.2156,29.9553,65.98,63,0,14.67
220,Pizarro,CO,2022-05-22 03:05:45,4.9533,-77.366,78.22,82,29,3.53
221,Chumphon,TH,2022-05-22 03:05:46,10.3333,98.8333,78.22,86,100,10.65
222,Juigalpa,NI,2022-05-22 03:05:46,12.1063,-85.3645,77.95,85,98,6.02
223,Camacha,PT,2022-05-22 03:05:46,33.0833,-16.3333,62.02,77,20,9.22
224,Indianola,US,2022-05-22 03:05:47,41.3581,-93.5574,52.77,64,89,10.67
225,Luderitz,NA,2022-05-22 03:05:47,-26.6481,15.1594,55.49,61,7,10.38
226,Nakhon Phanom,TH,2022-05-22 03:05:48,17.3333,104.4167,81.66,77,100,8.3
227,Cangucu,BR,2022-05-22 03:02:34,-31.395,-52.6756,47.77,91,100,2.35
228,Coahuayana,MX,2022-05-22 03:04:45,18.7333,-103.6833,76.1,80,55,2.95
229,Dawson Creek,CA,2022-05-22 03:05:48,55.7666,-120.2362,52.3,47,18,3.22
230,Mayor Pablo Lagerenza,PY,2022-05-22 03:05:49,-19.9309,-60.7718,68.81,37,82,4.38
231,Nome,US,2022-05-22 03:06:49,64.5011,-165.4064,66.16,44,0,6.91
232,Muzambinho,BR,2022-05-22 03:04:36,-21.3758,-46.5256,46.6,85,1,3.06
233,Beyneu,KZ,2022-05-22 03:06:50,45.3167,55.2,56.95,48,96,9.78
234,Alofi,NU,2022-05-22 03:06:50,-19.0595,-169.9187,79.23,74,24,7.74
235,Laguna,US,2022-05-22 03:06:51,38.421,-121.4238,82.38,28,0,11.5
236,Kristiinankaupunki,FI,2022-05-22 03:06:51,62.2743,21.376,44.11,63,100,6.67
237,Koslan,RU,2022-05-22 03:06:52,63.4564,48.8989,31.68,83,100,11.25
238,Misratah,LY,2022-05-22 03:06:52,32.3754,15.0925,65.53,49,0,6.78
239,Cayenne,GF,2022-05-22 03:06:53,4.9333,-52.3333,78.1,1,0,2.3
240,Snezhnogorsk,RU,2022-05-22 03:06:53,69.1933,33.2531,38.98,96,100,12.73
241,Oktyabrskiy,RU,2022-05-22 03:06:53,54.4815,53.471,38.23,86,76,11.86
242,Kurchum,KZ,2022-05-22 03:06:54,48.5722,83.6542,71.46,38,100,8.93
243,Airai,TL,2022-05-22 03:06:54,-8.9266,125.4092,74.32,47,23,4.59
244,Dhidhdhoo,MV,2022-05-22 03:06:55,6.8833,73.1,83.53,75,48,15.39
245,Honningsvag,NO,2022-05-22 03:06:55,70.9821,25.9704,40.75,87,73,2.3
246,Mirassol,BR,2022-05-22 03:06:55,-20.8192,-49.5211,53.15,55,3,5.41
247,Leningradskiy,RU,2022-05-22 03:06:56,69.3833,178.4167,34.25,96,100,11.34
248,San Cristobal,VE,2022-05-22 03:06:56,7.7669,-72.225,71.78,82,27,3.13
249,Rosignol,GY,2022-05-22 03:06:57,6.2833,-57.5333,74.41,95,100,8.08
250,Waipawa,NZ,2022-05-22 03:06:57,-41.4122,175.5153,56.89,60,9,10.98
251,Smithers,CA,2022-05-22 03:03:18,54.7804,-127.1743,60.08,40,19,3.78
252,Lorengau,PG,2022-05-22 03:06:58,-2.0226,147.2712,85.93,67,95,9.95
253,Tessalit,ML,2022-05-22 03:06:58,20.1986,1.0114,85.93,13,62,2.91
254,Genhe,CN,2022-05-22 03:06:58,50.7833,121.5167,71.15,21,100,14.76
255,Quatre Cocos,MU,2022-05-22 03:06:59,-20.2078,57.7625,70.09,76,22,11.97
256,Charters Towers,AU,2022-05-22 03:06:59,-20.1,146.2667,70.05,71,100,9.22
257,Yangambi,CD,2022-05-22 03:07:00,0.8102,24.4336,68.92,95,100,1.25
258,Broome,US,2022-05-22 03:07:00,42.2506,-75.833,77.38,75,0,8.05
259,Salinopolis,BR,2022-05-22 03:07:04,-0.6136,-47.3561,76.35,86,13,3.85
260,Yongan,CN,2022-05-22 03:07:04,39.6957,113.6871,79.39,18,82,4.29
261,Along,IN,2022-05-22 03:07:05,28.1667,94.7667,78.49,71,75,1.66
262,Havelock,US,2022-05-22 03:07:05,34.8791,-76.9013,76.95,93,100,1.99
263,Salamiyah,SY,2022-05-22 03:07:06,35.0113,37.0532,74.41,15,100,9.55
264,Erattupetta,IN,2022-05-22 03:07:06,9.7,76.7833,79.61,84,81,0.94
265,Murgab,TM,2022-05-22 03:07:06,37.4966,61.9714,63.61,48,0,5.35
266,Montmagny,FR,2022-05-22 03:06:31,48.9734,2.3469,61.16,83,0,4.61
267,Nongan,CN,2022-05-22 03:07:07,44.382,125.1685,75.09,23,85,8.01
268,Mayumba,GA,2022-05-22 03:07:08,-3.432,10.6554,73.53,87,90,4.59
269,Tiarei,PF,2022-05-22 03:07:08,-17.5333,-149.3333,84.22,73,22,10.92
270,Sistranda,NO,2022-05-22 03:07:09,63.7256,8.834,48.16,87,100,5.88
271,Key West,US,2022-05-22 03:07:09,24.5557,-81.7826,82.99,89,100,20.71
272,Huilong,CN,2022-05-22 03:07:09,31.8111,121.655,77.94,50,99,9.78
273,Coihaique,CL,2022-05-22 03:07:10,-45.5752,-72.0662,34.41,93,100,2.3
274,Christchurch,NZ,2022-05-22 03:06:48,-43.5333,172.6333,60.42,68,33,9.22
275,Kieta,PG,2022-05-22 03:07:10,-6.2167,155.6333,85.06,68,39,6.22
276,Vardo,NO,2022-05-22 03:07:11,70.3705,31.1107,39.18,87,100,17.27
277,Diamantino,BR,2022-05-22 03:07:12,-14.4086,-56.4461,63.66,47,8,3.13
278,Khorixas,NA,2022-05-22 03:07:12,-20.3667,14.9667,51.39,17,0,11.74
279,Hammerfest,NO,2022-05-22 03:08:12,70.6634,23.6821,43.25,75,20,2.3
280,Kollo,NE,2022-05-22 03:08:13,13.3043,2.339,86.56,46,70,8.08
281,San Patricio,US,2022-05-22 03:08:13,28.017,-97.5169,83.12,92,6,15.79
282,Libreville,GA,2022-05-22 03:08:14,0.3925,9.4537,75.04,90,100,8.55
283,Sobolevo,RU,2022-05-22 03:08:14,54.4299,31.8996,45.77,93,100,14.56
284,Guerrero Negro,MX,2022-05-22 03:08:15,27.9769,-114.0611,61.25,77,92,14.2
285,Mehendiganj,BD,2022-05-22 03:08:15,22.8167,90.5333,86.22,74,82,6.62
286,Darnah,LY,2022-05-22 03:08:15,32.767,22.6367,64.35,63,0,18.01
287,Inhambane,MZ,2022-05-22 03:08:16,-23.865,35.3833,69.98,91,100,4.94
288,Kerman,IR,2022-05-22 03:04:03,30.2832,57.0788,66.06,30,0,6.91
289,Bauchi,NG,2022-05-22 03:08:16,10.5,10.0,78.85,66,95,2.35
290,Yanji,CN,2022-05-22 03:08:17,42.9075,129.5078,74.98,29,17,5.39
291,The Valley,AI,2022-05-22 03:08:17,18.217,-63.0578,80.82,71,96,15.68
292,Zaraza,VE,2022-05-22 03:08:18,9.3503,-65.3245,77.54,76,1,6.73
293,Victor Harbor,AU,2022-05-22 03:08:22,-35.5667,138.6167,66.69,77,100,9.19
294,Tilichiki,RU,2022-05-22 03:08:22,60.4667,166.1,39.34,74,77,4.99
295,Severo-Kurilsk,RU,2022-05-22 03:08:22,50.6789,156.125,46.33,88,76,9.71
296,Rawson,AR,2022-05-22 03:08:23,-43.3002,-65.1023,58.95,45,93,20.74
297,Fort Frances,CA,2022-05-22 03:08:23,48.5999,-93.4003,41.22,70,100,4.61
298,Temyasovo,RU,2022-05-22 03:08:24,52.9933,58.1014,34.48,99,100,8.37
299,Muskogee,US,2022-05-22 03:05:36,35.5834,-95.3336,61.02,76,100,12.66
300,Kapit,MY,2022-05-22 03:08:24,2.0167,112.9333,90.05,54,74,1.45
301,Saint Anthony,US,2022-05-22 03:08:25,45.0205,-93.218,51.69,52,75,12.66
302,Arraial Do Cabo,BR,2022-05-22 03:08:25,-22.9661,-42.0278,69.31,71,17,6.15
303,Nianzishan,CN,2022-05-22 03:08:26,47.5167,122.8833,75.42,27,16,9.98
304,Vila Franca Do Campo,PT,2022-05-22 03:08:26,37.7167,-25.4333,69.19,96,100,4.61
305,Hanmer Springs,NZ,2022-05-22 03:08:26,-42.5167,172.8167,49.64,71,45,9.73
306,Port-Gentil,GA,2022-05-22 03:08:27,-0.7193,8.7815,77.74,82,100,13.87
307,Mareeba,AU,2022-05-22 03:08:27,-17.0,145.4333,81.66,73,44,3.27
308,Boshan,CN,2022-05-22 03:08:28,36.4833,117.8333,84.09,23,99,11.18
309,Stubbekobing,DK,2022-05-22 03:08:28,54.8887,12.041,51.06,95,85,9.57
310,Votkinsk,RU,2022-05-22 03:08:28,57.0486,53.9872,36.77,84,100,8.79
311,Matara,LK,2022-05-22 03:08:29,5.9485,80.5353,83.32,77,40,12.8
312,Samarai,PG,2022-05-22 03:08:29,-10.6167,150.6667,82.9,75,93,9.33
313,Atar,MR,2022-05-22 03:08:30,20.5169,-13.0499,83.59,21,0,2.44
314,Lavrentiya,RU,2022-05-22 03:08:30,65.5833,-171.0,37.99,90,98,10.16
315,Smoky Lake,CA,2022-05-22 03:08:31,54.1169,-112.4686,48.04,50,55,5.08
316,Saint-Denis,FR,2022-05-22 03:08:31,48.9167,2.3333,61.29,81,0,6.91
317,Labuhan,ID,2022-05-22 03:08:32,-6.8844,112.2051,85.39,69,64,12.06
318,Houma,US,2022-05-22 03:08:32,29.5958,-90.7195,75.0,89,40,5.01
319,Port Hedland,AU,2022-05-22 03:08:33,-20.3167,118.5667,82.45,65,75,5.75
320,High Level,CA,2022-05-22 03:08:33,58.5169,-117.136,57.04,34,100,6.35
321,Paco De Arcos,PT,2022-05-22 03:08:33,38.6957,-9.2914,63.95,84,75,18.01
322,Namibe,AO,2022-05-22 03:08:34,-15.1961,12.1522,67.37,60,32,2.51
323,Aitape,PG,2022-05-22 03:08:34,-3.1374,142.3475,83.37,78,100,5.32
324,Lagos,NG,2022-05-22 03:04:51,6.5833,3.75,74.73,90,100,3.4
325,Morro Bay,US,2022-05-22 03:08:35,35.3658,-120.8499,58.93,83,18,3.33
326,Port Blair,IN,2022-05-22 03:09:35,11.6667,92.75,84.24,84,75,9.22
327,Muros,ES,2022-05-22 03:09:36,42.7762,-9.0603,65.16,91,96,3.06
328,Zhigansk,RU,2022-05-22 03:09:36,66.7697,123.3711,46.45,50,4,5.68
329,Ketchikan,US,2022-05-22 03:09:20,55.3422,-131.6461,64.87,34,0,8.05
330,San Jorge,AR,2022-05-22 03:09:37,-31.8962,-61.8598,48.99,84,0,4.27
331,Turukhansk,RU,2022-05-22 03:09:37,65.8167,87.9833,57.61,63,41,2.66
332,Picton,AU,2022-05-22 03:09:37,-34.1833,150.6,63.43,79,88,5.93
333,Galesong,ID,2022-05-22 03:09:38,-5.3166,119.3661,87.82,67,93,0.92
334,Te Anau,NZ,2022-05-22 03:09:38,-45.4167,167.7167,47.66,73,79,5.86
335,Vila Velha,BR,2022-05-22 03:09:39,-20.3297,-40.2925,62.55,94,20,2.3
336,Konevo,RU,2022-05-22 03:09:39,62.1215,39.3192,31.5,62,98,8.46
337,Kalabo,ZM,2022-05-22 03:09:41,-14.97,22.6814,50.49,41,52,7.02
338,Cahors,FR,2022-05-22 03:09:42,44.4167,1.3333,64.76,87,87,1.21
339,Kuusamo,FI,2022-05-22 03:09:42,65.9667,29.1833,39.24,75,0,8.05
340,Huangchuan,CN,2022-05-22 03:09:42,32.1272,115.0394,83.73,36,100,6.8
341,Esperance,AU,2022-05-22 03:09:43,-33.8667,121.9,72.19,50,26,17.25
342,Arman,RU,2022-05-22 03:09:43,59.7,150.1667,44.02,94,100,4.18
343,Okhotsk,RU,2022-05-22 03:09:44,59.3833,143.3,34.16,98,100,8.43
344,Chapais,CA,2022-05-22 03:09:44,49.7834,-74.8492,42.58,82,78,5.44
345,Kampene,CD,2022-05-22 03:09:44,-3.6,26.6667,68.22,96,100,1.34
346,Dafeng,CN,2022-05-22 03:09:45,23.4517,108.5881,73.4,90,100,3.71
347,Tubuala,PA,2022-05-22 03:09:46,9.5167,-79.0333,80.87,80,100,2.64
348,Sangmelima,CM,2022-05-22 03:09:46,2.9333,11.9833,66.29,96,100,0.81
349,Mangrol,IN,2022-05-22 03:09:46,21.1167,70.1167,84.58,70,94,20.2
350,Margate,GB,2022-05-22 03:09:47,51.3813,1.3862,52.7,84,55,3.76
351,Hofn,IS,2022-05-22 03:09:47,64.2539,-15.2082,46.67,86,100,15.73
352,Maningrida,AU,2022-05-22 03:09:48,-12.0667,134.2667,89.71,41,45,8.93
353,Aban,RU,2022-05-22 03:09:48,56.67,96.06,60.66,37,94,8.32
354,Fairbanks,US,2022-05-22 03:05:02,64.8378,-147.7164,72.61,31,75,11.5
355,Qandala,SO,2022-05-22 03:09:49,11.472,49.8728,85.42,47,100,3.24
356,Gravdal,NO,2022-05-22 03:09:51,68.1214,13.5031,46.11,87,100,1.97
357,Dustlik,UZ,2022-05-22 03:09:51,40.5247,68.0358,57.33,81,100,5.03
358,Severo-Yeniseyskiy,RU,2022-05-22 03:09:52,60.3725,93.0408,49.82,58,32,9.26
359,Napasar,IN,2022-05-22 03:09:52,27.9667,73.55,89.17,41,0,15.46
360,Temba,ZA,2022-05-22 03:09:53,-25.3803,28.2631,50.11,65,49,1.45
361,Severnoye,RU,2022-05-22 03:09:53,56.3491,78.3619,70.11,44,100,13.47
362,Kaeo,NZ,2022-05-22 03:09:54,-35.1,173.7833,63.57,65,100,9.64
363,Bakel,SN,2022-05-22 03:09:54,14.905,-12.4568,85.87,24,100,14.56
364,Akyab,MM,2022-05-22 03:09:54,20.15,92.9,85.78,71,60,1.59
365,North Bend,US,2022-05-22 03:09:28,43.4065,-124.2243,54.91,88,100,14.97
366,Atkinson,US,2022-05-22 03:09:55,42.8384,-71.147,71.15,88,0,0.0
367,Ozinki,RU,2022-05-22 03:09:55,51.1786,49.6769,45.61,65,100,7.45
368,Buraydah,SA,2022-05-22 03:09:56,26.326,43.975,79.61,16,1,4.23
369,San Jeronimo,PE,2022-05-22 03:09:56,-11.9472,-75.2829,51.26,81,100,0.98
370,Deputatskiy,RU,2022-05-22 03:09:57,69.3,139.9,30.97,100,100,1.36
371,Slave Lake,CA,2022-05-22 03:09:57,55.2834,-114.769,45.39,46,56,2.19
372,San Quintin,MX,2022-05-22 03:10:58,30.4833,-115.95,60.48,72,69,5.53
373,Provideniya,RU,2022-05-22 03:10:58,64.3833,-173.3,50.68,50,99,9.44
374,Ferme-Neuve,CA,2022-05-22 03:10:59,46.7001,-75.4493,53.4,94,22,3.02
375,Winneba,GH,2022-05-22 03:10:59,5.3511,-0.6231,74.61,94,100,7.9
376,Quelimane,MZ,2022-05-22 03:10:59,-17.8786,36.8883,69.89,87,49,7.0
377,Channel-Port Aux Basques,CA,2022-05-22 03:11:00,47.5702,-59.1367,46.9,74,88,7.27
378,Trinidad,BO,2022-05-22 03:08:05,-14.8333,-64.9,67.98,77,30,2.08
379,Yar-Sale,RU,2022-05-22 03:11:00,66.8333,70.8333,33.67,72,100,14.18
380,Aguimes,ES,2022-05-22 03:11:01,27.9054,-15.4461,65.03,68,20,18.41
381,Lalibela,ET,2022-05-22 03:11:01,12.0333,39.0333,60.55,30,21,6.38
382,Sakakah,SA,2022-05-22 03:09:09,29.9697,40.2064,75.4,18,0,8.63
383,Homer,US,2022-05-22 03:08:47,59.6425,-151.5483,57.09,37,75,27.63
384,Bealanana,MG,2022-05-22 03:11:02,-14.55,48.7333,62.42,98,96,3.0
385,Esna,EG,2022-05-22 03:06:08,25.2934,32.554,72.68,20,0,20.0
386,Roebourne,AU,2022-05-22 03:11:03,-20.7833,117.1333,80.82,64,100,6.85
387,Ribeira Grande,PT,2022-05-22 03:11:03,38.5167,-28.7,64.06,94,100,0.94
388,Riyadh,SA,2022-05-22 03:06:25,24.6877,46.7219,83.03,15,0,5.64
389,Governador Valadares,BR,2022-05-22 03:11:04,-18.8511,-41.9494,60.71,69,0,1.92
390,Neiafu,TO,2022-05-22 03:11:04,-18.65,-173.9833,84.88,74,40,3.44
391,Rotherham,GB,2022-05-22 03:08:49,53.4301,-1.3568,55.06,84,100,5.93
392,Sawang Daen Din,TH,2022-05-22 03:11:05,17.4753,103.4575,78.22,86,100,8.32
393,Pontianak,ID,2022-05-22 03:11:05,-0.0333,109.3333,84.18,79,40,3.44
394,Silvan,TR,2022-05-22 03:11:06,38.1419,41.0081,43.09,51,84,1.34
395,Altayskoye,RU,2022-05-22 03:11:06,51.9533,85.3325,72.81,51,100,4.52
396,Port Lincoln,AU,2022-05-22 03:11:07,-34.7333,135.8667,64.27,61,74,12.73
397,Uni,RU,2022-05-22 03:11:07,57.7535,51.4923,32.7,77,100,10.49
398,Peto,MX,2022-05-22 03:11:08,20.1333,-88.9167,81.0,77,91,7.09
399,Port Shepstone,ZA,2022-05-22 03:11:08,-30.7414,30.455,63.73,76,100,17.81
400,Vrangel,RU,2022-05-22 03:06:15,42.7297,133.0839,58.95,72,9,5.48
401,Novobataysk,RU,2022-05-22 03:11:09,46.8981,39.7819,59.81,67,96,18.7
402,Canaries,ES,2022-05-22 03:11:09,28.0,-15.5,60.76,68,20,18.41
403,Kailua,US,2022-05-22 03:11:10,21.4022,-157.7394,85.98,73,20,10.36
404,Touros,BR,2022-05-22 03:08:34,-5.1989,-35.4608,75.34,89,3,9.98
405,Colesberg,ZA,2022-05-22 03:11:10,-30.72,25.0972,44.08,90,3,6.6
406,La Carlota,PH,2022-05-22 03:11:11,10.4233,122.9208,87.13,64,95,6.82
407,Daru,PG,2022-05-22 03:11:11,-9.0763,143.2092,83.64,70,99,10.69
408,Jiangyou,CN,2022-05-22 03:11:11,31.7667,104.7167,74.23,57,99,4.45
409,Eydhafushi,MV,2022-05-22 03:11:12,5.1033,73.0708,82.99,77,59,14.58
410,Bendigo,AU,2022-05-22 03:07:30,-36.7667,144.2833,67.86,42,0,0.27
411,Kruisfontein,ZA,2022-05-22 03:11:12,-34.0033,24.7314,47.88,88,2,3.36
412,Umm Lajj,SA,2022-05-22 03:10:21,25.0213,37.2685,79.48,66,0,10.27
413,Kabalo,CD,2022-05-22 03:11:13,-6.05,26.9167,67.89,81,77,1.25
414,Khani,GE,2022-05-22 03:11:13,41.9563,42.9566,44.17,63,0,6.11
415,Waddan,LY,2022-05-22 03:11:14,29.1614,16.139,62.74,36,0,5.86
416,Nishihara,JP,2022-05-22 03:11:14,26.1842,127.7558,80.26,77,40,13.8
417,Ambovombe,MG,2022-05-22 03:11:15,-25.1667,46.0833,64.62,63,2,4.68
418,Atambua,ID,2022-05-22 03:11:15,-9.1061,124.8925,84.69,50,17,2.71
419,Chivay,PE,2022-05-22 03:12:16,-15.6383,-71.6011,42.21,56,100,4.21
420,Karpathos,GR,2022-05-22 03:12:16,35.507,27.2132,66.16,82,62,25.32
421,Faanui,PF,2022-05-22 03:12:17,-16.4833,-151.75,80.87,70,11,10.49
422,Mandalgovi,MN,2022-05-22 03:12:17,45.7625,106.2708,64.98,35,89,22.77
423,Colonia,DE,2022-05-22 03:11:05,50.9333,6.95,53.96,85,75,1.14
424,Pacific Grove,US,2022-05-22 03:08:27,36.6177,-121.9166,59.81,81,0,8.05
425,Heze,CN,2022-05-22 03:12:18,35.2431,115.4411,90.3,23,100,14.56
426,Chekmagush,RU,2022-05-22 03:12:19,55.1319,54.6556,37.54,92,100,12.66
427,Oranjemund,NA,2022-05-22 03:12:19,-28.55,16.4333,51.08,84,6,5.03
428,Sorong,ID,2022-05-22 03:12:19,-0.8833,131.25,82.78,73,97,2.21
429,Bouar,CF,2022-05-22 03:12:20,5.934,15.596,66.74,91,100,2.91
430,Aksarka,RU,2022-05-22 03:12:20,66.5606,67.7975,32.72,73,100,17.36
431,Dongying,CN,2022-05-22 03:12:21,37.4564,118.4856,92.21,17,0,8.84
432,Mawlaik,MM,2022-05-22 03:12:21,23.6333,94.4167,93.24,44,19,0.96
433,Matay,EG,2022-05-22 03:12:21,28.419,30.7792,66.02,37,0,5.97
434,Skjervoy,NO,2022-05-22 03:12:22,70.0311,20.9714,42.8,82,89,3.0
435,Olden,NO,2022-05-22 03:12:22,61.8364,6.8064,48.94,97,100,4.94
436,Cortez,US,2022-05-22 03:12:23,37.3489,-108.5859,59.76,25,100,4.61
437,Gunjur,GM,2022-05-22 03:12:23,13.2019,-16.7339,71.67,88,75,9.22
438,Guiyang,CN,2022-05-22 03:12:24,26.5833,106.7167,55.35,96,100,5.26
439,Sabzevar,IR,2022-05-22 03:12:24,36.2126,57.6819,57.02,50,10,10.33
440,Srednekolymsk,RU,2022-05-22 03:12:25,67.45,153.6833,57.31,42,100,14.58
441,Saint-Francois,FR,2022-05-22 03:12:25,46.4154,3.9054,60.24,77,0,2.3
442,Lahij,YE,2022-05-22 03:12:26,13.1667,44.5833,85.15,25,69,0.54
443,Honiara,SB,2022-05-22 03:12:30,-9.4333,159.95,85.87,67,23,5.32
444,Fort Nelson,CA,2022-05-22 03:12:31,58.8053,-122.7002,59.13,42,100,5.17
445,Hobyo,SO,2022-05-22 03:12:31,5.3505,48.5268,79.65,78,67,16.96
446,Upata,VE,2022-05-22 03:12:31,8.0086,-62.3989,76.19,79,83,6.4
447,La Baule-Escoublac,FR,2022-05-22 03:12:32,47.2922,-2.364,60.46,81,0,5.75
448,Husavik,IS,2022-05-22 03:12:32,66.0449,-17.3389,39.18,98,100,10.65
449,Manzanillo,CU,2022-05-22 03:12:33,20.3433,-77.1167,77.65,84,100,6.17
450,Ayolas,PY,2022-05-22 03:08:01,-27.4,-56.9,53.6,88,54,4.21
451,Kenai,US,2022-05-22 03:08:36,60.5544,-151.2583,65.03,18,0,16.11
452,Katobu,ID,2022-05-22 03:12:33,-4.9408,122.5276,87.21,58,27,7.18
453,Vao,NC,2022-05-22 03:12:34,-22.6667,167.4833,73.83,86,83,25.52
454,Orocue,CO,2022-05-22 03:12:34,4.7912,-71.3354,74.64,88,75,3.8
455,Lompoc,US,2022-05-22 03:12:35,34.6391,-120.4579,62.02,80,0,8.05
456,Gimli,CA,2022-05-22 03:12:35,50.6336,-96.9907,37.74,73,67,2.28
457,Tual,ID,2022-05-22 03:12:35,-5.6667,132.75,82.06,77,100,17.56
458,Tagusao,PH,2022-05-22 03:12:36,9.1924,117.8141,85.05,69,96,2.39
459,Kuytun,RU,2022-05-22 03:12:36,54.3419,101.5036,66.11,40,93,10.56
460,Zhifang,CN,2022-05-22 03:12:37,30.35,114.3167,77.34,60,100,5.61
461,Bubaque,GW,2022-05-22 03:12:37,11.2833,-15.8333,78.19,77,100,9.82
462,Axim,GH,2022-05-22 03:12:38,4.8699,-2.2405,74.7,94,100,2.95
463,Iquique,CL,2022-05-22 03:10:07,-20.2208,-70.1431,62.64,79,52,0.96
464,Sitka,US,2022-05-22 03:12:38,57.0531,-135.33,57.09,58,0,0.0
465,Hvolsvollur,IS,2022-05-22 03:13:39,63.7533,-20.2243,46.72,75,21,13.22
466,Lasa,IT,2022-05-22 03:13:39,46.6166,10.7002,55.36,70,10,5.37
467,Venice,US,2022-05-22 03:12:59,27.0998,-82.4543,79.99,83,100,6.91
468,Tottori,JP,2022-05-22 03:11:31,35.5,134.2333,71.22,52,0,4.72
469,Quiindy,PY,2022-05-22 03:13:40,-25.9667,-57.2667,52.84,88,24,4.27
470,Port Keats,AU,2022-05-22 03:13:40,-14.25,129.55,90.86,32,0,8.16
471,Dekar,BW,2022-05-22 03:11:18,-21.5333,21.9333,42.87,78,0,6.62
472,Qasigiannguit,GL,2022-05-22 03:13:41,68.8193,-51.1922,35.85,82,100,6.93
473,Iqaluit,CA,2022-05-22 03:13:24,63.7506,-68.5145,32.7,86,100,23.0
474,Leshan,CN,2022-05-22 03:13:41,29.5623,103.7639,67.1,80,99,3.15
475,Barcelos,PT,2022-05-22 03:13:42,41.5388,-8.6151,62.85,95,96,1.74
476,Funadhoo,MV,2022-05-22 03:13:42,6.15,73.2667,83.08,77,64,15.14
477,Geraldton,AU,2022-05-22 03:10:24,-28.7667,114.6,79.21,50,12,21.85
478,Codrington,AU,2022-05-22 03:13:43,-38.2667,141.9667,59.49,57,5,5.95
479,Manavalakurichi,IN,2022-05-22 03:13:43,8.1333,77.3,81.88,79,39,16.37
480,Cairns,AU,2022-05-22 03:12:34,-16.9167,145.7667,86.07,69,75,10.36
481,Tazovskiy,RU,2022-05-22 03:13:44,67.4667,78.7,34.0,95,100,3.89
482,Paamiut,GL,2022-05-22 03:13:44,61.994,-49.6678,40.17,77,100,35.81
483,Peshkopi,AL,2022-05-22 03:13:45,41.685,20.4289,61.54,74,86,3.2
484,Rio Grande,BR,2022-05-22 03:13:45,-32.035,-52.0986,46.94,79,100,6.6
485,Caborca,MX,2022-05-22 03:13:46,30.5838,-111.101,76.6,24,7,11.21
486,Demyanovo,RU,2022-05-22 03:13:46,60.3511,47.0842,32.0,86,100,9.64
487,Kahului,US,2022-05-22 03:11:42,20.8947,-156.47,84.22,48,20,18.41
488,Comodoro Rivadavia,AR,2022-05-22 03:09:11,-45.8667,-67.5,44.46,100,0,0.0
489,Gat,IL,2022-05-22 03:11:03,31.61,34.7642,69.4,100,90,7.52
490,Clarence Town,AU,2022-05-22 03:13:47,-32.5833,151.7833,60.85,85,100,6.04
491,Kyra,RU,2022-05-22 03:13:47,49.5776,111.9753,67.55,26,88,14.9
492,Muravlenko,RU,2022-05-22 03:13:48,63.7898,74.523,44.26,63,100,16.35
493,Inuvik,CA,2022-05-22 03:13:48,68.3499,-133.7218,36.18,60,97,7.87
494,Talara,PE,2022-05-22 03:13:49,-4.5772,-81.2719,67.19,86,95,13.31
495,Reutte,AT,2022-05-22 03:13:49,47.4833,10.7167,51.39,93,2,3.91
496,Khandbari,NP,2022-05-22 03:13:50,27.3747,87.2039,77.18,56,82,0.85
497,Kaitong,CN,2022-05-22 03:13:50,44.8135,123.15,75.7,24,34,5.95
498,Waingapu,ID,2022-05-22 03:13:51,-9.6567,120.2641,86.22,61,14,14.0
499,Oytal,KZ,2022-05-22 03:13:51,42.9057,73.2697,56.57,85,96,7.87
500,Mount Isa,AU,2022-05-22 03:13:52,-20.7333,139.5,76.77,47,40,9.22
501,Necochea,AR,2022-05-22 03:13:52,-38.5473,-58.7368,49.28,72,0,4.54
502,Poros,GR,2022-05-22 03:13:52,37.4994,23.4536,66.74,54,22,6.15
503,Itabira,BR,2022-05-22 03:11:57,-19.6192,-43.2269,49.69,91,0,1.83
504,Bathurst,AU,2022-05-22 03:13:53,-33.4166,149.5806,64.83,69,87,1.99
505,Padang,ID,2022-05-22 03:13:53,-0.9492,100.3543,86.05,70,74,3.09
506,Mainpuri,IN,2022-05-22 03:13:54,27.2333,79.0167,95.94,21,1,11.9
507,Riverton,US,2022-05-22 03:13:54,40.5219,-111.9391,57.43,32,0,6.91
508,Batsfjord,NO,2022-05-22 03:13:55,70.6345,29.7185,40.93,93,100,8.05
509,Wexford,IE,2022-05-22 03:13:55,52.3342,-6.4575,56.21,96,100,14.88
510,Malinovoye Ozero,RU,2022-05-22 03:14:55,51.6753,79.7825,71.4,42,100,4.47
511,Maniitsoq,GL,2022-05-22 03:14:56,65.4167,-52.9,37.53,82,100,27.6
512,Nemuro,JP,2022-05-22 03:14:56,43.3236,145.575,52.38,94,92,11.59
513,Berlevag,NO,2022-05-22 03:12:43,70.8578,29.0864,40.95,87,100,5.75
514,Jizan,SA,2022-05-22 03:14:57,17.3333,42.6667,84.47,50,7,7.38
515,La Rioja,ES,2022-05-22 03:14:57,42.25,-2.5,60.58,45,100,6.85
516,Luwingu,ZM,2022-05-22 03:14:58,-10.2621,29.9271,58.78,81,64,1.01
517,Nabire,ID,2022-05-22 03:14:58,-3.3667,135.4833,84.11,71,99,3.4
518,Medea,DZ,2022-05-22 03:14:58,36.2642,2.7539,66.27,33,6,7.67
519,Mitsamiouli,KM,2022-05-22 03:14:59,-11.3847,43.2844,78.8,74,64,5.64
520,Osypenko,UA,2022-05-22 03:14:59,46.9136,36.8253,55.78,85,100,15.05
521,Strezhevoy,RU,2022-05-22 03:15:00,60.7333,77.5889,55.58,55,100,14.54
522,Chimoio,MZ,2022-05-22 03:15:00,-19.1164,33.4833,64.26,100,75,2.04
523,Oistins,BB,2022-05-22 03:15:00,13.0667,-59.5333,80.69,78,40,20.71
524,San Pedro,PH,2022-05-22 03:15:01,14.35,121.0167,88.32,73,96,1.32
525,Svetlaya,RU,2022-05-22 03:15:01,46.5389,138.3297,52.23,83,100,5.35
526,Deniliquin,AU,2022-05-22 03:15:02,-35.5333,144.9667,65.7,42,0,6.33
527,Minas,UY,2022-05-22 03:15:02,-34.3759,-55.2377,47.26,91,0,3.89
528,Tabuk,PH,2022-05-22 03:15:03,17.4189,121.4443,85.08,69,75,4.88
529,Cabano,PH,2022-05-22 03:15:03,10.5869,122.7002,85.08,69,100,7.76
530,Dovolnoye,RU,2022-05-22 03:15:04,54.4958,79.6671,69.78,41,100,17.22
531,Xanlar,AZ,2022-05-22 03:15:05,40.5869,46.3158,53.11,58,20,6.91
532,Richards Bay,ZA,2022-05-22 03:13:35,-28.783,32.0377,62.26,83,100,20.92
533,Male,MV,2022-05-22 03:15:06,4.1748,73.5089,83.03,77,87,13.18
534,Bud,US,2022-05-22 03:15:07,39.447,-86.1758,67.98,96,91,13.06
535,Palora,EC,2022-05-22 03:15:07,-1.7,-77.9333,64.33,98,26,2.37
536,Keffi,NG,2022-05-22 03:15:08,8.8486,7.8736,75.09,83,99,3.04
537,Pitimbu,BR,2022-05-22 03:15:08,-7.4706,-34.8086,75.79,88,100,12.95
538,Powell River,CA,2022-05-22 03:11:15,49.8496,-124.5361,65.08,53,17,1.07
539,Santa Cruz,BO,2022-05-22 03:14:51,-17.8,-63.1667,69.26,68,75,5.75
540,Bainbridge,US,2022-05-22 03:13:52,47.6262,-122.5212,64.22,53,0,5.01
541,Cockburn Town,TC,2022-05-22 03:15:09,21.4612,-71.1419,79.45,82,100,18.3
542,Port Hardy,CA,2022-05-22 03:15:10,50.6996,-127.4199,53.78,82,20,5.75
543,Bardiyah,LY,2022-05-22 03:15:10,31.7561,25.0865,63.7,81,0,21.94
544,Tungor,RU,2022-05-22 03:15:11,53.3808,142.9564,36.46,98,100,1.43
545,Zlobin,HR,2022-05-22 03:15:11,45.2924,14.6541,57.61,88,0,3.44
546,Ampanihy,MG,2022-05-22 03:15:12,-24.7,44.75,64.65,57,3,3.6
547,Dwarka,IN,2022-05-22 03:15:12,22.2394,68.9678,83.55,76,34,23.87
548,Arrecife,ES,2022-05-22 03:15:12,28.963,-13.5477,66.18,77,0,11.5
549,General Roca,AR,2022-05-22 03:15:13,-39.0333,-67.5833,50.63,32,96,6.33
550,Manicore,BR,2022-05-22 03:15:13,-5.8092,-61.3003,71.55,100,0,1.14
551,Rio Gallegos,AR,2022-05-22 03:15:14,-51.6226,-69.2181,37.45,81,0,16.11
552,Muncar,ID,2022-05-22 03:15:14,-8.4333,114.3333,84.61,66,23,5.59
553,Gilgit,PK,2022-05-22 03:15:14,35.9221,74.3087,61.9,76,100,1.88
554,Oromocto,CA,2022-05-22 03:15:15,45.8351,-66.4792,55.33,99,100,10.36
555,Harper,LR,2022-05-22 03:15:16,4.375,-7.7169,76.19,87,100,7.45
556,Dicabisagan,PH,2022-05-22 03:15:17,17.0818,122.4157,84.0,73,100,1.9
557,Mount Gambier,AU,2022-05-22 03:11:32,-37.8333,140.7667,62.06,51,1,4.21
558,Faro,PT,2022-05-22 03:15:17,37.0194,-7.9322,64.18,82,40,13.8
559,Mindelo,CV,2022-05-22 03:16:18,16.8901,-24.9804,72.95,68,75,12.66
560,Chadan,RU,2022-05-22 03:16:18,51.2833,91.5833,70.56,29,96,4.9
561,Taltal,CL,2022-05-22 03:16:18,-25.4,-70.4833,59.76,82,17,3.49
562,Kang,BW,2022-05-22 03:16:19,-23.6752,22.7876,40.35,75,0,6.93
563,Mehamn,NO,2022-05-22 03:16:19,71.0357,27.8492,40.91,96,100,6.89
564,Taman,RU,2022-05-22 03:16:20,45.2117,36.7161,57.43,82,59,20.49
565,Pailon,BO,2022-05-22 03:16:20,-17.65,-62.75,70.7,77,7,3.51
566,Dubuque,US,2022-05-22 03:16:21,42.4833,-90.8668,54.19,57,100,4.61
567,Halifax,CA,2022-05-22 03:15:15,44.6453,-63.5724,52.52,88,85,5.99
568,Tarnow,PL,2022-05-22 03:16:21,50.0138,20.987,53.53,87,23,13.76
569,La Moncada,MX,2022-05-22 03:16:22,20.2667,-100.8,75.04,27,55,3.71
570,Cervo,ES,2022-05-22 03:16:22,43.6702,-7.4101,61.02,97,100,5.41
571,Abalak,RU,2022-05-22 03:16:23,58.1286,68.5944,51.13,75,100,10.71
572,Arona,ES,2022-05-22 03:16:23,28.0996,-16.681,62.13,71,0,6.91
573,Ambon,ID,2022-05-22 03:16:23,-3.6954,128.1814,89.74,66,40,3.44
574,Erdenet,MN,2022-05-22 03:16:24,49.0333,104.0833,62.58,33,59,3.89
575,Manuk Mangkaw,PH,2022-05-22 03:16:24,4.8,119.85,81.09,77,100,8.57
576,Olinda,BR,2022-05-22 03:16:25,-8.0089,-34.8553,76.73,94,75,6.91
577,Bokoro,TD,2022-05-22 03:16:25,12.3807,17.0568,85.55,35,62,2.89
578,Whitehorse,CA,2022-05-22 03:13:14,60.7161,-135.0538,61.11,30,37,3.0
579,Yazykovo,RU,2022-05-22 03:16:26,55.2199,56.1353,36.63,95,95,11.83
580,Tocopilla,CL,2022-05-22 03:16:26,-22.092,-70.1979,65.53,67,62,7.81
581,Andros Town,BS,2022-05-22 03:16:26,24.7,-77.7667,80.56,87,41,16.28
582,Bandarban,BD,2022-05-22 03:16:27,22.1965,92.2262,87.51,56,56,4.97
583,Almaznyy,RU,2022-05-22 03:16:27,48.0448,40.045,52.68,95,100,19.15
584,Surab,PK,2022-05-22 03:16:28,28.4914,66.2585,75.78,7,0,3.78
585,Augusto Correa,BR,2022-05-22 03:16:28,-1.0217,-46.635,71.46,97,12,1.7
586,San Jose Acatempa,GT,2022-05-22 03:16:29,14.2653,-90.1269,64.63,95,96,2.21
587,Buala,SB,2022-05-22 03:16:29,-8.145,159.5921,85.95,63,18,4.16
588,Bogorodskoye,RU,2022-05-22 03:16:30,56.55,37.8833,34.25,70,25,9.53
589,Santiago Del Estero,AR,2022-05-22 03:16:30,-27.7951,-64.2615,58.6,45,61,5.66
590,San Buenaventura,MX,2022-05-22 03:13:06,27.0833,-101.5333,96.48,28,0,7.09
591,Santa Maria Da Vitoria,BR,2022-05-22 03:16:31,-13.3947,-44.1886,65.19,51,6,2.44
592,Umkomaas,ZA,2022-05-22 03:16:31,-30.2067,30.7978,59.59,84,100,19.6
593,Caloundra,AU,2022-05-22 03:13:03,-26.8,153.1333,65.89,93,95,4.0
594,Kavieng,PG,2022-05-22 03:16:32,-2.5744,150.7967,85.23,64,96,13.53
595,Las Choapas,MX,2022-05-22 03:16:32,17.9333,-94.0833,80.94,73,5,7.29
